product_id,URL
492,https://cdn.myshoptet.com/usr/www.pimpinella.co/user/shop/orig/492-3_aither.jpg?6549f3af
492,https://cdn.myshoptet.com/usr/www.pimpinella.co/user/shop/orig/492-2_aither-1.jpg?65423666
492,https://cdn.myshoptet.com/usr/www.pimpinella.co/user/shop/orig/492-1_final-3.jpg?65423666
492,https://cdn.myshoptet.com/usr/www.pimpinella.co/user/shop/orig/492_final-2.jpg?65423666
507,https://cdn.myshoptet.com/usr/www.pimpinella.co/user/shop/orig/507_pimpinella-14.jpg?654a00a7
507,https://cdn.myshoptet.com/usr/www.pimpinella.co/user/shop/orig/507-1_pimpinella-12.jpg?654a0452
57,https://cdn.myshoptet.com/usr/www.pimpinella.co/user/shop/orig/57_final-5.jpg?65423666
527,null
448,https://cdn.myshoptet.com/usr/www.pimpinella.co/user/shop/orig/448-1_bi--le-pla--tno-6.jpg?65423666
448,https://cdn.myshoptet.com/usr/www.pimpinella.co/user/shop/orig/448_celestial-sq.jpg?65423666
397,https://cdn.myshoptet.com/usr/www.pimpinella.co/user/shop/orig/397-2_cestajecil.jpg?65423666
397,https://cdn.myshoptet.com/usr/www.pimpinella.co/user/shop/orig/397-1_cesta-je-cil.jpg?65423666
397,https://cdn.myshoptet.com/usr/www.pimpinella.co/user/shop/orig/397_cesta-je-cil-square.jpg?65423666
439,https://cdn.myshoptet.com/usr/www.pimpinella.co/user/shop/orig/439-1_bi--le-pla--tno-8.jpg?65423666
439,https://cdn.myshoptet.com/usr/www.pimpinella.co/user/shop/orig/439_cesta-je-cil-sq.jpg?65423666
364,https://cdn.myshoptet.com/usr/www.pimpinella.co/user/shop/orig/364_citrea2024square.jpg?6641d4d9
364,https://cdn.myshoptet.com/usr/www.pimpinella.co/user/shop/orig/364-1_citrea-square-2.jpg?6641d4e8
506,https://cdn.myshoptet.com/usr/www.pimpinella.co/user/shop/orig/506_carovna-moc-rostlin-wolf-dieter-storl.jpg?65423666
506,https://cdn.myshoptet.com/usr/www.pimpinella.co/user/shop/orig/506-1_carovna-moc-rostlin-wolf-dieter-storl.jpg?65423666
424,https://cdn.myshoptet.com/usr/www.pimpinella.co/user/shop/orig/424_produkt-8--kopie.jpg?65423666
424,https://cdn.myshoptet.com/usr/www.pimpinella.co/user/shop/orig/424-2_produkt-7--kopie.jpg?65423666
424,https://cdn.myshoptet.com/usr/www.pimpinella.co/user/shop/orig/424-1_produkt-5--kopie.jpg?65423666
63,https://cdn.myshoptet.com/usr/www.pimpinella.co/user/shop/orig/63_detatko-square.jpg?663c98ff
140,https://cdn.myshoptet.com/usr/www.pimpinella.co/user/shop/orig/140-3_pimpinella-2024-produkt.jpg?6641d7b6
140,https://cdn.myshoptet.com/usr/www.pimpinella.co/user/shop/orig/140_devet-noci-square.jpg?6641d75f
140,https://cdn.myshoptet.com/usr/www.pimpinella.co/user/shop/orig/140-1_devet-noci-2.jpg?6641d76e
140,https://cdn.myshoptet.com/usr/www.pimpinella.co/user/shop/orig/140-2_devetnocictverec.jpg?65423666
418,https://cdn.myshoptet.com/usr/www.pimpinella.co/user/shop/orig/418_produkt-5--kopie.jpg?65423666
418,https://cdn.myshoptet.com/usr/www.pimpinella.co/user/shop/orig/418-1_produkt-6--kopie.jpg?65423666
503,https://cdn.myshoptet.com/usr/www.pimpinella.co/user/shop/orig/503_duse-rostlin-wolf-dieter-storl.jpg?65423666
503,https://cdn.myshoptet.com/usr/www.pimpinella.co/user/shop/orig/503-1_duse-rostlin-wolf-dieter-storl.jpg?65423666
454,https://cdn.myshoptet.com/usr/www.pimpinella.co/user/shop/orig/454-1_aroma-box.jpg?65423666
454,https://cdn.myshoptet.com/usr/www.pimpinella.co/user/shop/orig/454_bl-pltno-20.jpg?65423666
263,https://cdn.myshoptet.com/usr/www.pimpinella.co/user/shop/orig/263-2_bazalka.jpg?65423666
263,https://cdn.myshoptet.com/usr/www.pimpinella.co/user/shop/orig/263-1_bazalka.jpg?65423666
182,https://cdn.myshoptet.com/usr/www.pimpinella.co/user/shop/orig/182_borovicebio.jpg?65423666
182,https://cdn.myshoptet.com/usr/www.pimpinella.co/user/shop/orig/182-1_cp1-8147-2.jpg?65423666
412,https://cdn.myshoptet.com/usr/www.pimpinella.co/user/shop/orig/412-1_cedrhimalajsky.jpg?65423666
412,https://cdn.myshoptet.com/usr/www.pimpinella.co/user/shop/orig/412_cedr-himalajsky.jpg?65423666
188,https://cdn.myshoptet.com/usr/www.pimpinella.co/user/shop/orig/188_citronscitronem.jpg?65423666
188,https://cdn.myshoptet.com/usr/www.pimpinella.co/user/shop/orig/188-2_citron.jpg?65423666
188,https://cdn.myshoptet.com/usr/www.pimpinella.co/user/shop/orig/188-1_citron-ctverec.jpg?65423666
194,https://cdn.myshoptet.com/usr/www.pimpinella.co/user/shop/orig/194_eucalyptusglobulus.jpg?65423666
194,https://cdn.myshoptet.com/usr/www.pimpinella.co/user/shop/orig/194-1_eucalyptus-ctverec.jpg?65423666
287,https://cdn.myshoptet.com/usr/www.pimpinella.co/user/shop/orig/287-1_eucalyptusradiata.jpg?65423666
287,https://cdn.myshoptet.com/usr/www.pimpinella.co/user/shop/orig/287_eucalyptusradiata.jpg?65423666
462,https://cdn.myshoptet.com/usr/www.pimpinella.co/user/shop/orig/462_geranium.jpg?65423666
471,https://cdn.myshoptet.com/usr/www.pimpinella.co/user/shop/orig/471_kadidloindicke.jpg?65423666
126,https://cdn.myshoptet.com/usr/www.pimpinella.co/user/shop/orig/126_levandulebio.jpg?65423666
126,https://cdn.myshoptet.com/usr/www.pimpinella.co/user/shop/orig/126-2_levandule-ctverec--1.jpg?65423666
468,https://cdn.myshoptet.com/usr/www.pimpinella.co/user/shop/orig/468_litsea.jpg?65423666
257,https://cdn.myshoptet.com/usr/www.pimpinella.co/user/shop/orig/257-2_myrta.jpg?65423666
257,https://cdn.myshoptet.com/usr/www.pimpinella.co/user/shop/orig/257-1_myrta.jpg?65423666
290,https://cdn.myshoptet.com/usr/www.pimpinella.co/user/shop/orig/290-1_paculi.jpg?65423666
290,https://cdn.myshoptet.com/usr/www.pimpinella.co/user/shop/orig/290_paculi.jpg?65423666
465,https://cdn.myshoptet.com/usr/www.pimpinella.co/user/shop/orig/465_petitgrain-mandarinka.jpg?65423666
200,https://cdn.myshoptet.com/usr/www.pimpinella.co/user/shop/orig/200-1_pomeranc.jpg?65423666
200,https://cdn.myshoptet.com/usr/www.pimpinella.co/user/shop/orig/200_pomeranc-ctverec.jpg?65423666
129,https://cdn.myshoptet.com/usr/www.pimpinella.co/user/shop/orig/129-4_salvej.jpg?65423666
129,https://cdn.myshoptet.com/usr/www.pimpinella.co/user/shop/orig/129-1_salvej-ctverec.jpg?65423666
409,https://cdn.myshoptet.com/usr/www.pimpinella.co/user/shop/orig/409_tea-tree-square.jpg?65423666
459,https://cdn.myshoptet.com/usr/www.pimpinella.co/user/shop/orig/459_teatreebio.jpg?65423666
185,https://cdn.myshoptet.com/usr/www.pimpinella.co/user/shop/orig/185_ylangylang.jpg?65423666
185,https://cdn.myshoptet.com/usr/www.pimpinella.co/user/shop/orig/185-1_e05c4f-de3252620a7544b79b74033477ff37a3mv2.jpg?65423666
457,https://cdn.myshoptet.com/usr/www.pimpinella.co/user/shop/orig/457_essential-oil-in-box-sq.jpg?65423666
457,https://cdn.myshoptet.com/usr/www.pimpinella.co/user/shop/orig/457-1_bl-pltno-22.jpg?65423666
51,https://cdn.myshoptet.com/usr/www.pimpinella.co/user/shop/orig/51-2_nove-etikety-her--ma--nek.jpg?66cc482f
51,https://cdn.myshoptet.com/usr/www.pimpinella.co/user/shop/orig/51-3_hermanek-square.jpg?65423666
60,https://cdn.myshoptet.com/usr/www.pimpinella.co/user/shop/orig/60_hve--zdna-noc-3.jpg?66d87a9e
60,https://cdn.myshoptet.com/usr/www.pimpinella.co/user/shop/orig/60-1_hve--zdna-noc-2.jpg?66d87ac4
376,https://cdn.myshoptet.com/usr/www.pimpinella.co/user/shop/orig/376_51-274-133fs.jpg?65423666
376,https://cdn.myshoptet.com/usr/www.pimpinella.co/user/shop/orig/376-1_51-274-133bs.jpg?65423666
376,https://cdn.myshoptet.com/usr/www.pimpinella.co/user/shop/orig/376-2_51-274-133is.jpg?65423666
379,https://cdn.myshoptet.com/usr/www.pimpinella.co/user/shop/orig/379_51-274-138fs.jpg?65423666
379,https://cdn.myshoptet.com/usr/www.pimpinella.co/user/shop/orig/379-1_51-274-138bs.jpg?65423666
379,https://cdn.myshoptet.com/usr/www.pimpinella.co/user/shop/orig/379-2_51-274-138is.jpg?65423666
486,null
510,https://cdn.myshoptet.com/usr/www.pimpinella.co/user/shop/orig/510_cokokrabice.jpg?654a0ba8
497,https://cdn.myshoptet.com/usr/www.pimpinella.co/user/shop/orig/497-1_crystals.jpg?65423666
497,https://cdn.myshoptet.com/usr/www.pimpinella.co/user/shop/orig/497_krystal.jpg?65423666
266,https://cdn.myshoptet.com/usr/www.pimpinella.co/user/shop/orig/266-1_p-2.jpg?65423666
266,https://cdn.myshoptet.com/usr/www.pimpinella.co/user/shop/orig/266_kvetova-voda-pomerancove-kvety-neroli.jpg?65423666
266,https://cdn.myshoptet.com/usr/www.pimpinella.co/user/shop/orig/266-2_kvetova-voda-pomerancove-kvety-neroli.jpg?65423666
176,https://cdn.myshoptet.com/usr/www.pimpinella.co/user/shop/orig/176-2_cp1-8101-2.jpg?65423666
176,https://cdn.myshoptet.com/usr/www.pimpinella.co/user/shop/orig/176_cp1-8104-2.jpg?65423666
176,https://cdn.myshoptet.com/usr/www.pimpinella.co/user/shop/orig/176-1_e05c4f-dbd40d3130884434a40262df38f6c047mv2.jpg?65423666
176,https://cdn.myshoptet.com/usr/www.pimpinella.co/user/shop/orig/176-3_e05c4f-f0eb829199834a648cf122da4a71ff9amv2.jpg?65423666
403,https://cdn.myshoptet.com/usr/www.pimpinella.co/user/shop/orig/403-2_lesvsrdci.jpg?65423666
403,https://cdn.myshoptet.com/usr/www.pimpinella.co/user/shop/orig/403_produkt-13.jpg?65423666
152,https://cdn.myshoptet.com/usr/www.pimpinella.co/user/shop/orig/152-1_levandule-flakon.jpg?66c0dbca
152,https://cdn.myshoptet.com/usr/www.pimpinella.co/user/shop/orig/152_nove-etikety-1.jpg?66c0db3d
170,https://cdn.myshoptet.com/usr/www.pimpinella.co/user/shop/orig/170_levandulova-aroma-mlha.jpg?6641d2cd
170,https://cdn.myshoptet.com/usr/www.pimpinella.co/user/shop/orig/170-2_cp1-8109-2.jpg?65423666
296,https://cdn.myshoptet.com/usr/www.pimpinella.co/user/shop/orig/296-1_pp-5.jpg?65423666
296,https://cdn.myshoptet.com/usr/www.pimpinella.co/user/shop/orig/296-2_pp-3.jpg?65423666
296,https://cdn.myshoptet.com/usr/www.pimpinella.co/user/shop/orig/296_louka-square.jpg?65423666
120,https://cdn.myshoptet.com/usr/www.pimpinella.co/user/shop/orig/120-3_15-pimpinella-mech-15-jpg-2.jpg?6561c628
120,https://cdn.myshoptet.com/usr/www.pimpinella.co/user/shop/orig/120-1_18-pimpinella-mech-19-jpg.jpg?65423666
120,https://cdn.myshoptet.com/usr/www.pimpinella.co/user/shop/orig/120-2_19-pimpinella-mech-18-jpg.jpg?65423666
84,https://cdn.myshoptet.com/usr/www.pimpinella.co/user/shop/orig/84-5_aragonit.jpg?65423666
84,https://cdn.myshoptet.com/usr/www.pimpinella.co/user/shop/orig/84-6_aragonitskrabickou.jpg?65423666
84,https://cdn.myshoptet.com/usr/www.pimpinella.co/user/shop/orig/84-2_2-insta-pimpinella.jpg?65423666
84,https://cdn.myshoptet.com/usr/www.pimpinella.co/user/shop/orig/84-1_17-pimpinella-mech-17-jpg.jpg?65423666
84,https://cdn.myshoptet.com/usr/www.pimpinella.co/user/shop/orig/84-4_13-pimpinella-mech-13-jpg.jpg?65423666
84,https://cdn.myshoptet.com/usr/www.pimpinella.co/user/shop/orig/84_luxusni-krem-v-aragonitu-60ml.jpg?65423666
84,https://cdn.myshoptet.com/usr/www.pimpinella.co/user/shop/orig/84-3_9-insta-pimpinella.jpg?65423666
75,https://cdn.myshoptet.com/usr/www.pimpinella.co/user/shop/orig/75-1_maminka-sq.jpg?65423666
75,https://cdn.myshoptet.com/usr/www.pimpinella.co/user/shop/orig/75-2_bl-pltno-18.jpg?65423666
75,https://cdn.myshoptet.com/usr/www.pimpinella.co/user/shop/orig/75-3_bl-pltno-17.jpg?65423666
474,https://cdn.myshoptet.com/usr/www.pimpinella.co/user/shop/orig/474-4_meianoitetitlephoto.jpg?65423666
474,https://cdn.myshoptet.com/usr/www.pimpinella.co/user/shop/orig/474-3_meia-noite-balm1.jpg?65423666
474,https://cdn.myshoptet.com/usr/www.pimpinella.co/user/shop/orig/474-2_meianoite.jpg?65423666
474,https://cdn.myshoptet.com/usr/www.pimpinella.co/user/shop/orig/474-1_meiasquare2.jpg?65423666
45,https://cdn.myshoptet.com/usr/www.pimpinella.co/user/shop/orig/45_milacek.jpg?66c0e652
45,https://cdn.myshoptet.com/usr/www.pimpinella.co/user/shop/orig/45-2_08-pimpinella-mech-7-jpg.jpg?65423666
477,https://cdn.myshoptet.com/usr/www.pimpinella.co/user/shop/orig/477_hermanekminiskrabickou.jpg?65423666
477,https://cdn.myshoptet.com/usr/www.pimpinella.co/user/shop/orig/477-3_hermankovyminiatura.jpg?65423666
477,https://cdn.myshoptet.com/usr/www.pimpinella.co/user/shop/orig/477-1_hermankovyminiavelky.jpg?65423666
477,https://cdn.myshoptet.com/usr/www.pimpinella.co/user/shop/orig/477-2_hermanekmalyavelky.jpg?65423666
489,https://cdn.myshoptet.com/usr/www.pimpinella.co/user/shop/orig/489-2_meia-noite-mini-square.jpg?65423666
489,https://cdn.myshoptet.com/usr/www.pimpinella.co/user/shop/orig/489-1_produkt-2.jpg?65423666
489,https://cdn.myshoptet.com/usr/www.pimpinella.co/user/shop/orig/489_meia-noite-mini.jpg?65423666
480,https://cdn.myshoptet.com/usr/www.pimpinella.co/user/shop/orig/480_milacekminiskrabickou.jpg?65423666
480,https://cdn.myshoptet.com/usr/www.pimpinella.co/user/shop/orig/480-1_milacekmalyavelky2.jpg?65423666
480,https://cdn.myshoptet.com/usr/www.pimpinella.co/user/shop/orig/480-2_milacekmini.jpg?65423666
483,https://cdn.myshoptet.com/usr/www.pimpinella.co/user/shop/orig/483-2_minipurabelezakrabicka.jpg?65423666
483,https://cdn.myshoptet.com/usr/www.pimpinella.co/user/shop/orig/483_purabelezaminiatura.jpg?65423666
483,https://cdn.myshoptet.com/usr/www.pimpinella.co/user/shop/orig/483-1_purabelezamalyavelky.jpg?65423666
349,https://cdn.myshoptet.com/usr/www.pimpinella.co/user/shop/orig/349_minthe-ct.jpg?65423666
349,https://cdn.myshoptet.com/usr/www.pimpinella.co/user/shop/orig/349-1_image1.jpg?65423666
358,https://cdn.myshoptet.com/usr/www.pimpinella.co/user/shop/orig/358-1_myrine-square.jpg?65423666
358,https://cdn.myshoptet.com/usr/www.pimpinella.co/user/shop/orig/358_myrine-ct-2.jpg?65423666
358,https://cdn.myshoptet.com/usr/www.pimpinella.co/user/shop/orig/358-2_myrine100ml.jpg?65423666
519,https://cdn.myshoptet.com/usr/www.pimpinella.co/user/shop/orig/519_nejmilovanejsi.jpg?654a1674
308,https://cdn.myshoptet.com/usr/www.pimpinella.co/user/shop/orig/308_sni--mek-obrazovky-2020-07-13-v--12-22-22.jpg?65423666
308,https://cdn.myshoptet.com/usr/www.pimpinella.co/user/shop/orig/308-1_sni--mek-obrazovky-2020-07-13-v--12-22-36.jpg?65423666
308,https://cdn.myshoptet.com/usr/www.pimpinella.co/user/shop/orig/308-2_pip-studio-koupelnova-sada-twinkle-star.jpg?65423666
308,https://cdn.myshoptet.com/usr/www.pimpinella.co/user/shop/orig/308-3_pip-studio-koupelnova-sada-twinkle-star.jpg?65423666
308,https://cdn.myshoptet.com/usr/www.pimpinella.co/user/shop/orig/308-4_pip-studio-koupelnova-sada-twinkle-star.jpg?65423666
311,https://cdn.myshoptet.com/usr/www.pimpinella.co/user/shop/orig/311-1_sni--mek-obrazovky-2020-07-13-v--12-55-55.jpg?65423666
311,https://cdn.myshoptet.com/usr/www.pimpinella.co/user/shop/orig/311_sni--mek-obrazovky-2020-07-13-v--12-55-42.jpg?65423666
311,https://cdn.myshoptet.com/usr/www.pimpinella.co/user/shop/orig/311-2_sni--mek-obrazovky-2020-07-13-v--12-56-03.jpg?65423666
524,https://cdn.myshoptet.com/usr/www.pimpinella.co/user/shop/orig/524-1_pri-nachlazeni-2.jpg?67054c61
524,https://cdn.myshoptet.com/usr/www.pimpinella.co/user/shop/orig/524_pimpinella-rekvizity-big-9--kopie.jpg?66fa5bde
513,https://cdn.myshoptet.com/usr/www.pimpinella.co/user/shop/orig/513_pulnocnitajemstvi.jpg?654a0f3d
54,https://cdn.myshoptet.com/usr/www.pimpinella.co/user/shop/orig/54_purabeleza.jpg?66c0e70b
54,https://cdn.myshoptet.com/usr/www.pimpinella.co/user/shop/orig/54-3_purabelezaruzovaruze.jpg?65423666
54,https://cdn.myshoptet.com/usr/www.pimpinella.co/user/shop/orig/54-4_purabelezabilepozadi.jpg?65423666
146,https://cdn.myshoptet.com/usr/www.pimpinella.co/user/shop/orig/146_rose.jpg?66c0de60
146,https://cdn.myshoptet.com/usr/www.pimpinella.co/user/shop/orig/146-1_rose-2.jpg?66c0de8a
146,https://cdn.myshoptet.com/usr/www.pimpinella.co/user/shop/orig/146-2_nove-etikety-2.jpg?66c0debf
146,https://cdn.myshoptet.com/usr/www.pimpinella.co/user/shop/orig/146-3_nove-etikety-1.jpg?66c0e226
516,https://cdn.myshoptet.com/usr/www.pimpinella.co/user/shop/orig/516_ruzova.jpg?654a1364
494,https://cdn.myshoptet.com/usr/www.pimpinella.co/user/shop/orig/494_final-10.jpg?65423666
494,https://cdn.myshoptet.com/usr/www.pimpinella.co/user/shop/orig/494-1_final-11.jpg?65423666
352,https://cdn.myshoptet.com/usr/www.pimpinella.co/user/shop/orig/352-3_tajemstvi-square-2.jpg?65423666
352,https://cdn.myshoptet.com/usr/www.pimpinella.co/user/shop/orig/352-2_tajemstvi-square.jpg?65423666
352,https://cdn.myshoptet.com/usr/www.pimpinella.co/user/shop/orig/352-1_image1.jpg?65423666
352,https://cdn.myshoptet.com/usr/www.pimpinella.co/user/shop/orig/352_tajemstvi-kraloven-ct.jpg?65423666
352,https://cdn.myshoptet.com/usr/www.pimpinella.co/user/shop/orig/352-4_tajemstvi100ml2.jpg?65423666
352,https://cdn.myshoptet.com/usr/www.pimpinella.co/user/shop/orig/352-5_tajemstvi100ml.jpg?65423666
500,https://cdn.myshoptet.com/usr/www.pimpinella.co/user/shop/orig/500-1_toulky-po-okraji-midgardu-wolf-dieter-storl.jpg?65423666
500,https://cdn.myshoptet.com/usr/www.pimpinella.co/user/shop/orig/500_mid-toulky-po-okraji-midgardu-pribehy-z-tea-426625.jpg?65423666
335,https://cdn.myshoptet.com/usr/www.pimpinella.co/user/shop/orig/335_pimpinella-15.jpg?6549f80e
335,https://cdn.myshoptet.com/usr/www.pimpinella.co/user/shop/orig/335-4_vanocni.jpg?65423666
335,https://cdn.myshoptet.com/usr/www.pimpinella.co/user/shop/orig/335-3_va--noc--ni-a-slunovrat-2.jpg?65423666
433,https://cdn.myshoptet.com/usr/www.pimpinella.co/user/shop/orig/433_produkt-11--kopie.jpg?65423666
433,https://cdn.myshoptet.com/usr/www.pimpinella.co/user/shop/orig/433-1_produkt-15.jpg?65423666
433,https://cdn.myshoptet.com/usr/www.pimpinella.co/user/shop/orig/433-2_produkt-5--kopie.jpg?65423666
445,https://cdn.myshoptet.com/usr/www.pimpinella.co/user/shop/orig/445-1_bi--le-pla--tno-4.jpg?65423666
445,https://cdn.myshoptet.com/usr/www.pimpinella.co/user/shop/orig/445_vzduch-cisty-sq.jpg?65423666
343,https://cdn.myshoptet.com/usr/www.pimpinella.co/user/shop/orig/343_xocoatl-ct.jpg?65423666
343,https://cdn.myshoptet.com/usr/www.pimpinella.co/user/shop/orig/343-1_xocoatl-loop.jpg?65423666
343,https://cdn.myshoptet.com/usr/www.pimpinella.co/user/shop/orig/343-2_xocoatl-cokoladovy-balzam-na-rty.jpg?65423666
206,https://cdn.myshoptet.com/usr/www.pimpinella.co/user/shop/orig/206-6_zahrada-devu-3-square.jpg?65423666
206,https://cdn.myshoptet.com/usr/www.pimpinella.co/user/shop/orig/206-5_zahrada-devu-square.jpg?65423666
206,https://cdn.myshoptet.com/usr/www.pimpinella.co/user/shop/orig/206_zahrada-nahradni.jpg?6549f416
206,https://cdn.myshoptet.com/usr/www.pimpinella.co/user/shop/orig/206-1_pimpinella-2.jpg?6549f41d
430,https://cdn.myshoptet.com/usr/www.pimpinella.co/user/shop/orig/430_produkt-9--kopie.jpg?65423666
430,https://cdn.myshoptet.com/usr/www.pimpinella.co/user/shop/orig/430-1_produkt-10--kopie.jpg?65423666
430,https://cdn.myshoptet.com/usr/www.pimpinella.co/user/shop/orig/430-2_produkt-5--kopie.jpg?65423666
341,https://cdn.myshoptet.com/usr/www.pimpinella.co/user/shop/orig/341-1_zimnislunovrat.jpg?65423666
341,https://cdn.myshoptet.com/usr/www.pimpinella.co/user/shop/orig/341_va--noc--ni-a-slunovrat--1.jpg?65423666
135,https://cdn.myshoptet.com/usr/www.pimpinella.co/user/shop/orig/135_aroma-sauna-ctverec.jpg?65423666
